transaction_id,customer_id,transaction_amount,transaction_date,payment_method,product_category,quantity,customer_age,customer_location,device_used,ip_address,shipping_address,billing_address,is_fraudulent,account_age_days,transaction_hour,tx_date
TX-20260119113423-000000-0000,CUST-000000,14217.67,2026-01-13 22:57:06,debit_card,Grocery,1,38,"London, GB",mobile,148.50.181.163,"Toronto, CA","London, GB",1,170,22,2026-01-13 22:57:06
TX-20260119113423-000000-0001,CUST-000000,1892.02,2026-01-14 12:21:28,wallet,Fashion,1,38,"London, GB",mobile,148.50.181.175,"London, GB","London, GB",0,171,12,2026-01-14 12:21:28
TX-20260119113423-000000-0002,CUST-000000,1253.29,2026-01-16 13:23:38,debit_card,Luxury,1,40,"London, GB",mobile,148.50.181.70,"London, GB","London, GB",0,173,13,2026-01-16 13:23:38
TX-20260119113423-000000-0003,CUST-000000,1787.65,2026-01-17 09:20:00,cod,Fashion,3,41,"London, GB",mobile,148.50.181.199,"London, GB","London, GB",1,174,9,2026-01-17 09:20:00
TX-20260119113423-000000-0004,CUST-000000,1988.57,2026-01-17 14:15:21,wallet,Home,1,39,"London, GB",mobile,148.50.181.242,"London, GB","London, GB",0,174,14,2026-01-17 14:15:21
TX-20260119113423-000000-0005,CUST-000000,373.49,2026-01-18 13:49:00,debit_card,Digital,2,39,"London, GB",mobile,148.50.181.68,"Berlin, DE","London, GB",1,175,13,2026-01-18 13:49:00
TX-20260119113423-000000-0006,CUST-000000,2083.08,2026-01-19 12:11:14,cod,Grocery,1,38,"London, GB",desktop,148.50.181.36,"Paris, FR","London, GB",0,176,12,2026-01-19 12:11:14
TX-20260119113423-000000-0007,CUST-000000,12145.78,2026-01-19 16:47:35,credit_card,Electronics,2,38,"London, GB",mobile,148.50.181.175,"London, GB","London, GB",1,176,16,2026-01-19 16:47:35
TX-20260119113423-000001-0000,CUST-000001,4994.2,2026-01-13 03:20:37,wallet,Luxury,1,41,"Paris, FR",tablet,29.76.112.216,"Hyderabad, IN","Paris, FR",1,82,3,2026-01-13 03:20:37
TX-20260119113423-000001-0001,CUST-000001,1721.94,2026-01-14 09:21:55,debit_card,Grocery,4,41,"Paris, FR",tablet,29.76.112.154,"New York, US","Paris, FR",1,83,9,2026-01-14 09:21:55
TX-20260119113423-000001-0002,CUST-000001,34237.23,2026-01-16 01:13:45,wallet,Grocery,2,41,"Paris, FR",tablet,29.76.112.146,"Paris, FR","Paris, FR",0,85,1,2026-01-16 01:13:45
TX-20260119113423-000001-0003,CUST-000001,18860.5,2026-01-16 05:43:05,bank_transfer,Electronics,3,42,"Paris, FR",tablet,29.76.112.33,"Paris, FR","Paris, FR",1,85,5,2026-01-16 05:43:05
TX-20260119113423-000001-0004,CUST-000001,2552.53,2026-01-17 03:04:58,debit_card,Grocery,5,40,"Paris, FR",tablet,29.76.112.247,"Paris, FR","Paris, FR",0,86,3,2026-01-17 03:04:58
TX-20260119113423-000001-0005,CUST-000001,6359.65,2026-01-17 15:09:15,debit_card,Digital,3,40,"Paris, FR",tablet,29.76.112.231,"Toronto, CA","Paris, FR",0,86,15,2026-01-17 15:09:15
TX-20260119113423-000001-0006,CUST-000001,23960.21,2026-01-17 16:04:16,debit_card,Electronics,1,41,"Paris, FR",tablet,29.76.112.59,"Paris, FR","Paris, FR",0,86,16,2026-01-17 16:04:16
TX-20260119113423-000001-0007,CUST-000001,24383.5,2026-01-18 16:19:44,credit_card,Fashion,1,41,"Paris, FR",tablet,29.76.112.85,"Paris, FR","Paris, FR",1,87,16,2026-01-18 16:19:44
TX-20260119113423-000001-0008,CUST-000001,4745.0,2026-01-19 10:06:55,bank_transfer,Fashion,4,38,"Paris, FR",tablet,29.76.112.226,"Paris, FR","Paris, FR",0,88,10,2026-01-19 10:06:55
TX-20260119113423-000001-0009,CUST-000001,4227.74,2026-01-19 12:24:13,bank_transfer,Home,1,41,"Paris, FR",tablet,29.76.112.111,"Paris, FR","Paris, FR",0,88,12,2026-01-19 12:24:13
TX-20260119113423-000001-0010,CUST-000001,3872.46,2026-01-19 17:08:18,credit_card,Digital,1,41,"Paris, FR",tablet,29.76.112.16,"Paris, FR","Paris, FR",0,88,17,2026-01-19 17:08:18
TX-20260119113423-000002-0000,CUST-000002,2268.69,2026-01-13 00:37:39,cod,Fashion,2,33,"Sao Paulo, BR",mobile,15.13.150.218,"Sao Paulo, BR","Sao Paulo, BR",1,246,0,2026-01-13 00:37:39
TX-20260119113423-000002-0001,CUST-000002,922.8,2026-01-13 04:17:53,debit_card,Home,2,32,"Sao Paulo, BR",mobile,15.13.150.159,"Lagos, NG","Sao Paulo, BR",1,246,4,2026-01-13 04:17:53
TX-20260119113423-000002-0002,CUST-000002,1233.73,2026-01-13 14:44:04,cod,Luxury,1,30,"Sao Paulo, BR",mobile,15.13.150.172,"Sao Paulo, BR","Sao Paulo, BR",0,246,14,2026-01-13 14:44:04
TX-20260119113423-000002-0003,CUST-000002,773.03,2026-01-13 17:02:03,bank_transfer,Fashion,3,32,"Sao Paulo, BR",mobile,15.13.150.81,"Sao Paulo, BR","Sao Paulo, BR",0,246,17,2026-01-13 17:02:03
TX-20260119113423-000002-0004,CUST-000002,1383.29,2026-01-13 17:04:42,credit_card,Home,4,33,"Sao Paulo, BR",mobile,15.13.150.26,"Sao Paulo, BR","Sao Paulo, BR",1,246,17,2026-01-13 17:04:42
TX-20260119113423-000002-0005,CUST-000002,1381.29,2026-01-13 17:45:17,wallet,Fashion,4,31,"Sao Paulo, BR",mobile,15.13.150.113,"Berlin, DE","Sao Paulo, BR",0,246,17,2026-01-13 17:45:17
TX-20260119113423-000002-0006,CUST-000002,1893.63,2026-01-13 21:57:25,cod,Digital,3,32,"Sao Paulo, BR",mobile,15.13.150.142,"Sao Paulo, BR","Sao Paulo, BR",1,246,21,2026-01-13 21:57:25
TX-20260119113423-000002-0007,CUST-000002,3186.93,2026-01-14 03:09:52,debit_card,Grocery,2,32,"Sao Paulo, BR",mobile,15.13.150.142,"Sao Paulo, BR","Sao Paulo, BR",1,247,3,2026-01-14 03:09:52
TX-20260119113423-000002-0008,CUST-000002,716.87,2026-01-14 04:31:03,debit_card,Digital,5,30,"Sao Paulo, BR",mobile,15.13.150.219,"Sao Paulo, BR","Sao Paulo, BR",1,247,4,2026-01-14 04:31:03
TX-20260119113423-000002-0009,CUST-000002,2373.17,2026-01-14 07:49:35,credit_card,Electronics,4,31,"Sao Paulo, BR",mobile,15.13.150.12,"Sao Paulo, BR","Sao Paulo, BR",1,247,7,2026-01-14 07:49:35
TX-20260119113423-000002-0010,CUST-000002,942.16,2026-01-14 16:49:50,wallet,Fashion,1,30,"Sao Paulo, BR",tablet,15.13.150.144,"Sao Paulo, BR","Sao Paulo, BR",1,247,16,2026-01-14 16:49:50
TX-20260119113423-000002-0011,CUST-000002,7507.08,2026-01-14 21:05:15,debit_card,Luxury,1,32,"Sao Paulo, BR",mobile,15.13.150.142,"Sao Paulo, BR","Sao Paulo, BR",1,247,21,2026-01-14 21:05:15
TX-20260119113423-000002-0012,CUST-000002,10685.31,2026-01-14 23:57:13,wallet,Grocery,4,31,"Sao Paulo, BR",mobile,15.13.150.171,"Karachi, PK","Sao Paulo, BR",1,247,23,2026-01-14 23:57:13
TX-20260119113423-000002-0013,CUST-000002,1825.29,2026-01-15 00:26:28,bank_transfer,Luxury,3,30,"Sao Paulo, BR",mobile,15.13.150.226,"Berlin, DE","Sao Paulo, BR",1,248,0,2026-01-15 00:26:28
TX-20260119113423-000002-0014,CUST-000002,706.53,2026-01-15 05:26:40,wallet,Home,4,32,"Sao Paulo, BR",tablet,15.13.150.69,"Sao Paulo, BR","Sao Paulo, BR",1,248,5,2026-01-15 05:26:40
TX-20260119113423-000002-0015,CUST-000002,1899.78,2026-01-15 07:18:41,bank_transfer,Electronics,4,32,"Sao Paulo, BR",mobile,15.13.150.236,"Sao Paulo, BR","Sao Paulo, BR",1,248,7,2026-01-15 07:18:41
TX-20260119113423-000002-0016,CUST-000002,2185.8,2026-01-15 07:24:07,debit_card,Fashion,2,32,"Sao Paulo, BR",mobile,15.13.150.85,"Sao Paulo, BR","Sao Paulo, BR",1,248,7,2026-01-15 07:24:07
TX-20260119113423-000002-0017,CUST-000002,8113.27,2026-01-15 07:48:15,wallet,Grocery,2,31,"Sao Paulo, BR",mobile,15.13.150.252,"Sao Paulo, BR","Sao Paulo, BR",1,248,7,2026-01-15 07:48:15
TX-20260119113423-000002-0018,CUST-000002,2546.52,2026-01-15 14:15:29,credit_card,Electronics,1,33,"Sao Paulo, BR",desktop,15.13.150.247,"Sao Paulo, BR","Sao Paulo, BR",0,248,14,2026-01-15 14:15:29
TX-20260119113423-000002-0019,CUST-000002,10056.25,2026-01-15 15:24:34,cod,Home,1,30,"Sao Paulo, BR",mobile,15.13.150.112,"Sao Paulo, BR","Sao Paulo, BR",1,248,15,2026-01-15 15:24:34
TX-20260119113423-000002-0020,CUST-000002,1111.62,2026-01-15 20:51:00,bank_transfer,Luxury,4,33,"Sao Paulo, BR",mobile,15.13.150.112,"Sao Paulo, BR","Sao Paulo, BR",1,248,20,2026-01-15 20:51:00
TX-20260119113423-000002-0021,CUST-000002,1282.35,2026-01-16 00:25:34,cod,Digital,1,30,"Sao Paulo, BR",tablet,15.13.150.51,"Sao Paulo, BR","Sao Paulo, BR",1,249,0,2026-01-16 00:25:34
TX-20260119113423-000002-0022,CUST-000002,11098.88,2026-01-16 00:45:40,wallet,Luxury,1,31,"Sao Paulo, BR",mobile,15.13.150.185,"Sao Paulo, BR","Sao Paulo, BR",1,249,0,2026-01-16 00:45:40
TX-20260119113423-000002-0023,CUST-000002,3104.23,2026-01-16 05:14:44,bank_transfer,Grocery,3,32,"Sao Paulo, BR",mobile,15.13.150.33,"Sao Paulo, BR","Sao Paulo, BR",1,249,5,2026-01-16 05:14:44
TX-20260119113423-000002-0024,CUST-000002,2499.96,2026-01-16 09:07:54,bank_transfer,Digital,1,33,"Sao Paulo, BR",mobile,15.13.150.78,"Sao Paulo, BR","Sao Paulo, BR",1,249,9,2026-01-16 09:07:54
TX-20260119113423-000002-0025,CUST-000002,2014.68,2026-01-16 11:05:04,wallet,Grocery,1,32,"Sao Paulo, BR",mobile,15.13.150.156,"Sao Paulo, BR","Sao Paulo, BR",0,249,11,2026-01-16 11:05:04
TX-20260119113423-000002-0026,CUST-000002,804.29,2026-01-16 14:25:19,bank_transfer,Digital,1,33,"Sao Paulo, BR",mobile,15.13.150.231,"Sao Paulo, BR","Sao Paulo, BR",0,249,14,2026-01-16 14:25:19
TX-20260119113423-000002-0027,CUST-000002,1286.02,2026-01-16 19:20:37,credit_card,Grocery,2,32,"Sao Paulo, BR",mobile,15.13.150.86,"Sao Paulo, BR","Sao Paulo, BR",1,249,19,2026-01-16 19:20:37
TX-20260119113423-000002-0028,CUST-000002,2398.78,2026-01-17 14:23:01,debit_card,Digital,1,31,"Sao Paulo, BR",mobile,15.13.150.38,"Sao Paulo, BR","Sao Paulo, BR",1,250,14,2026-01-17 14:23:01
TX-20260119113423-000002-0029,CUST-000002,2182.31,2026-01-17 17:43:05,bank_transfer,Luxury,3,32,"Sao Paulo, BR",mobile,15.13.150.227,"Sao Paulo, BR","Sao Paulo, BR",0,250,17,2026-01-17 17:43:05
TX-20260119113423-000002-0030,CUST-000002,1707.3,2026-01-17 20:48:40,bank_transfer,Home,3,31,"Sao Paulo, BR",mobile,15.13.150.177,"Sao Paulo, BR","Sao Paulo, BR",1,250,20,2026-01-17 20:48:40
TX-20260119113423-000002-0031,CUST-000002,2378.38,2026-01-17 22:22:35,credit_card,Home,1,31,"Sao Paulo, BR",mobile,15.13.150.179,"Sao Paulo, BR","Sao Paulo, BR",1,250,22,2026-01-17 22:22:35
TX-20260119113423-000002-0032,CUST-000002,11045.61,2026-01-18 02:52:53,debit_card,Electronics,1,32,"Sao Paulo, BR",mobile,15.13.150.171,"Sao Paulo, BR","Sao Paulo, BR",1,251,2,2026-01-18 02:52:53
TX-20260119113423-000002-0033,CUST-000002,1947.24,2026-01-18 03:12:34,wallet,Home,2,32,"Sao Paulo, BR",mobile,15.13.150.130,"Sao Paulo, BR","Sao Paulo, BR",1,251,3,2026-01-18 03:12:34
TX-20260119113423-000002-0034,CUST-000002,2151.98,2026-01-18 09:04:15,bank_transfer,Fashion,3,32,"Sao Paulo, BR",desktop,15.13.150.193,"Sao Paulo, BR","Sao Paulo, BR",1,251,9,2026-01-18 09:04:15
TX-20260119113423-000002-0035,CUST-000002,1469.34,2026-01-18 10:40:04,cod,Home,2,33,"Sao Paulo, BR",mobile,15.13.150.20,"Sao Paulo, BR","Sao Paulo, BR",0,251,10,2026-01-18 10:40:04
TX-20260119113423-000002-0036,CUST-000002,2416.25,2026-01-18 12:31:49,wallet,Grocery,3,31,"Sao Paulo, BR",mobile,15.13.150.60,"Sao Paulo, BR","Sao Paulo, BR",1,251,12,2026-01-18 12:31:49
TX-20260119113423-000002-0037,CUST-000002,3225.3,2026-01-18 14:44:59,debit_card,Electronics,1,33,"Sao Paulo, BR",mobile,15.13.150.120,"Sao Paulo, BR","Sao Paulo, BR",1,251,14,2026-01-18 14:44:59
TX-20260119113423-000002-0038,CUST-000002,662.27,2026-01-18 20:12:19,bank_transfer,Home,3,31,"Sao Paulo, BR",tablet,15.13.150.123,"Sao Paulo, BR","Sao Paulo, BR",1,251,20,2026-01-18 20:12:19
TX-20260119113423-000002-0039,CUST-000002,50.0,2026-01-18 21:27:10,bank_transfer,Home,2,33,"Sao Paulo, BR",mobile,15.13.150.205,"Sao Paulo, BR","Sao Paulo, BR",0,251,21,2026-01-18 21:27:10
TX-20260119113423-000002-0040,CUST-000002,1184.06,2026-01-18 21:45:10,debit_card,Grocery,1,32,"Sao Paulo, BR",mobile,15.13.150.87,"Sao Paulo, BR","Sao Paulo, BR",0,251,21,2026-01-18 21:45:10
TX-20260119113423-000002-0041,CUST-000002,1260.47,2026-01-19 12:12:15,debit_card,Home,1,32,"Sao Paulo, BR",tablet,15.13.150.233,"Sao Paulo, BR","Sao Paulo, BR",0,252,12,2026-01-19 12:12:15
TX-20260119113423-000002-0042,CUST-000002,1255.24,2026-01-19 13:27:26,credit_card,Electronics,4,32,"Sao Paulo, BR",mobile,15.13.150.119,"Sao Paulo, BR","Sao Paulo, BR",1,252,13,2026-01-19 13:27:26
TX-20260119113423-000002-0043,CUST-000002,2355.85,2026-01-19 13:55:31,wallet,Fashion,1,31,"Sao Paulo, BR",mobile,15.13.150.226,"Sao Paulo, BR","Sao Paulo, BR",1,252,13,2026-01-19 13:55:31
TX-20260119113423-000002-0044,CUST-000002,1645.03,2026-01-19 16:17:36,bank_transfer,Grocery,1,33,"Sao Paulo, BR",desktop,15.13.150.139,"Sao Paulo, BR","Sao Paulo, BR",1,252,16,2026-01-19 16:17:36
TX-20260119113423-000002-0045,CUST-000002,2054.96,2026-01-19 17:52:44,debit_card,Digital,1,32,"Sao Paulo, BR",mobile,15.13.150.244,"Lagos, NG","Sao Paulo, BR",1,252,17,2026-01-19 17:52:44
TX-20260119113423-000003-0000,CUST-000003,3872.26,2026-01-14 09:19:05,wallet,Fashion,1,50,"New York, US",tablet,145.243.56.247,"Berlin, DE","New York, US",1,150,9,2026-01-14 09:19:05
TX-20260119113423-000003-0001,CUST-000003,3897.39,2026-01-14 12:45:51,wallet,Luxury,3,50,"New York, US",tablet,145.243.56.20,"Paris, FR","New York, US",1,150,12,2026-01-14 12:45:51
TX-20260119113423-000003-0002,CUST-000003,6012.54,2026-01-14 20:23:03,debit_card,Electronics,1,49,"New York, US",tablet,145.243.56.176,"New York, US","New York, US",0,150,20,2026-01-14 20:23:03
TX-20260119113423-000003-0003,CUST-000003,6599.46,2026-01-15 21:28:51,cod,Electronics,1,50,"New York, US",tablet,145.243.56.95,"New York, US","New York, US",1,151,21,2026-01-15 21:28:51
TX-20260119113423-000003-0004,CUST-000003,299.15,2026-01-18 17:56:03,credit_card,Home,1,50,"New York, US",mobile,145.243.56.93,"New York, US","New York, US",0,154,17,2026-01-18 17:56:03
TX-20260119113423-000004-0000,CUST-000004,19417.88,2026-01-13 02:57:23,debit_card,Grocery,1,29,"Johannesburg, ZA",tablet,70.79.65.196,"Johannesburg, ZA","Johannesburg, ZA",0,131,2,2026-01-13 02:57:23
TX-20260119113423-000004-0001,CUST-000004,5390.56,2026-01-13 05:01:19,bank_transfer,Grocery,2,29,"Johannesburg, ZA",tablet,70.79.65.252,"Johannesburg, ZA","Johannesburg, ZA",1,131,5,2026-01-13 05:01:19
TX-20260119113423-000004-0002,CUST-000004,3229.55,2026-01-13 08:21:33,debit_card,Grocery,4,28,"Johannesburg, ZA",tablet,70.79.65.137,"Johannesburg, ZA","Johannesburg, ZA",0,131,8,2026-01-13 08:21:33
TX-20260119113423-000004-0003,CUST-000004,10696.11,2026-01-14 00:56:10,credit_card,Luxury,1,30,"Johannesburg, ZA",tablet,70.79.65.27,"Toronto, CA","Johannesburg, ZA",1,132,0,2026-01-14 00:56:10
TX-20260119113423-000004-0004,CUST-000004,4947.06,2026-01-14 01:14:31,bank_transfer,Home,3,30,"Johannesburg, ZA",tablet,70.79.65.14,"Johannesburg, ZA","Johannesburg, ZA",0,132,1,2026-01-14 01:14:31
TX-20260119113423-000004-0005,CUST-000004,3567.23,2026-01-14 03:06:12,credit_card,Electronics,3,30,"Johannesburg, ZA",tablet,70.79.65.162,"Johannesburg, ZA","Johannesburg, ZA",0,132,3,2026-01-14 03:06:12
TX-20260119113423-000004-0006,CUST-000004,2975.44,2026-01-14 20:33:41,cod,Grocery,4,31,"Johannesburg, ZA",tablet,70.79.65.143,"Johannesburg, ZA","Johannesburg, ZA",0,132,20,2026-01-14 20:33:41
TX-20260119113423-000004-0007,CUST-000004,4739.4,2026-01-15 03:18:11,cod,Fashion,2,28,"Johannesburg, ZA",desktop,70.79.65.114,"Johannesburg, ZA","Johannesburg, ZA",0,133,3,2026-01-15 03:18:11
TX-20260119113423-000004-0008,CUST-000004,4060.46,2026-01-15 04:57:51,bank_transfer,Grocery,3,29,"Johannesburg, ZA",tablet,70.79.65.246,"Johannesburg, ZA","Johannesburg, ZA",0,133,4,2026-01-15 04:57:51
TX-20260119113423-000004-0009,CUST-000004,3279.11,2026-01-15 07:38:56,debit_card,Digital,2,28,"Johannesburg, ZA",tablet,70.79.65.41,"Johannesburg, ZA","Johannesburg, ZA",0,133,7,2026-01-15 07:38:56
TX-20260119113423-000004-0010,CUST-000004,3354.19,2026-01-15 13:47:02,debit_card,Electronics,2,29,"Johannesburg, ZA",tablet,70.79.65.121,"Johannesburg, ZA","Johannesburg, ZA",0,133,13,2026-01-15 13:47:02
TX-20260119113423-000004-0011,CUST-000004,2707.89,2026-01-15 16:32:39,wallet,Digital,1,30,"Johannesburg, ZA",mobile,70.79.65.237,"Johannesburg, ZA","Johannesburg, ZA",0,133,16,2026-01-15 16:32:39
TX-20260119113423-000004-0012,CUST-000004,2090.87,2026-01-15 21:59:56,cod,Digital,3,28,"Johannesburg, ZA",mobile,70.79.65.140,"Johannesburg, ZA","Johannesburg, ZA",0,133,21,2026-01-15 21:59:56
TX-20260119113423-000004-0013,CUST-000004,9607.17,2026-01-15 22:17:59,wallet,Fashion,1,29,"Johannesburg, ZA",tablet,70.79.65.79,"Johannesburg, ZA","Johannesburg, ZA",1,133,22,2026-01-15 22:17:59
TX-20260119113423-000004-0014,CUST-000004,2034.9,2026-01-15 22:52:02,wallet,Home,2,28,"Johannesburg, ZA",tablet,70.79.65.180,"Johannesburg, ZA","Johannesburg, ZA",1,133,22,2026-01-15 22:52:02
TX-20260119113423-000004-0015,CUST-000004,4508.67,2026-01-15 23:01:48,cod,Home,1,29,"Johannesburg, ZA",tablet,70.79.65.228,"Johannesburg, ZA","Johannesburg, ZA",0,133,23,2026-01-15 23:01:48
TX-20260119113423-000004-0016,CUST-000004,3677.92,2026-01-15 23:30:19,wallet,Electronics,1,30,"Johannesburg, ZA",tablet,70.79.65.151,"Johannesburg, ZA","Johannesburg, ZA",0,133,23,2026-01-15 23:30:19
TX-20260119113423-000004-0017,CUST-000004,50.0,2026-01-16 03:15:01,wallet,Luxury,2,30,"Johannesburg, ZA",tablet,70.79.65.121,"Johannesburg, ZA","Johannesburg, ZA",0,134,3,2026-01-16 03:15:01
TX-20260119113423-000004-0018,CUST-000004,2854.11,2026-01-16 06:10:32,wallet,Fashion,1,30,"Johannesburg, ZA",desktop,70.79.65.126,"Johannesburg, ZA","Johannesburg, ZA",0,134,6,2026-01-16 06:10:32
TX-20260119113423-000004-0019,CUST-000004,50.0,2026-01-16 06:40:00,bank_transfer,Grocery,1,29,"Johannesburg, ZA",tablet,70.79.65.42,"Johannesburg, ZA","Johannesburg, ZA",0,134,6,2026-01-16 06:40:00
TX-20260119113423-000004-0020,CUST-000004,1320.73,2026-01-16 08:28:07,wallet,Digital,1,29,"Johannesburg, ZA",tablet,70.79.65.23,"Johannesburg, ZA","Johannesburg, ZA",0,134,8,2026-01-16 08:28:07
TX-20260119113423-000004-0021,CUST-000004,4094.93,2026-01-16 09:14:36,bank_transfer,Luxury,3,32,"Johannesburg, ZA",mobile,70.79.65.139,"Johannesburg, ZA","Johannesburg, ZA",0,134,9,2026-01-16 09:14:36
TX-20260119113423-000004-0022,CUST-000004,11590.18,2026-01-16 09:27:22,cod,Grocery,1,31,"Johannesburg, ZA",tablet,70.79.65.114,"Johannesburg, ZA","Johannesburg, ZA",0,134,9,2026-01-16 09:27:22
TX-20260119113423-000004-0023,CUST-000004,868.35,2026-01-16 13:42:07,cod,Fashion,2,30,"Johannesburg, ZA",desktop,70.79.65.250,"New York, US","Johannesburg, ZA",0,134,13,2026-01-16 13:42:07
TX-20260119113423-000004-0024,CUST-000004,2305.35,2026-01-16 17:11:19,debit_card,Grocery,1,29,"Johannesburg, ZA",tablet,70.79.65.24,"Johannesburg, ZA","Johannesburg, ZA",0,134,17,2026-01-16 17:11:19
TX-20260119113423-000004-0025,CUST-000004,2232.15,2026-01-16 21:52:39,credit_card,Home,1,27,"Johannesburg, ZA",tablet,70.79.65.128,"Johannesburg, ZA","Johannesburg, ZA",0,134,21,2026-01-16 21:52:39
TX-20260119113423-000004-0026,CUST-000004,3362.9,2026-01-16 22:40:01,wallet,Home,3,29,"Johannesburg, ZA",desktop,70.79.65.142,"Johannesburg, ZA","Johannesburg, ZA",1,134,22,2026-01-16 22:40:01
TX-20260119113423-000004-0027,CUST-000004,3105.78,2026-01-17 00:20:58,cod,Luxury,2,29,"Johannesburg, ZA",mobile,70.79.65.88,"Sao Paulo, BR","Johannesburg, ZA",1,135,0,2026-01-17 00:20:58
TX-20260119113423-000004-0028,CUST-000004,1740.0,2026-01-17 01:58:56,credit_card,Grocery,1,28,"Johannesburg, ZA",tablet,70.79.65.169,"Johannesburg, ZA","Johannesburg, ZA",0,135,1,2026-01-17 01:58:56
TX-20260119113423-000004-0029,CUST-000004,8980.0,2026-01-17 03:07:50,cod,Home,2,32,"Johannesburg, ZA",tablet,70.79.65.140,"Johannesburg, ZA","Johannesburg, ZA",1,135,3,2026-01-17 03:07:50
TX-20260119113423-000004-0030,CUST-000004,2604.84,2026-01-17 04:07:34,debit_card,Digital,1,29,"Johannesburg, ZA",tablet,70.79.65.220,"Johannesburg, ZA","Johannesburg, ZA",0,135,4,2026-01-17 04:07:34
TX-20260119113423-000004-0031,CUST-000004,10822.64,2026-01-17 06:28:19,bank_transfer,Digital,2,29,"Johannesburg, ZA",desktop,70.79.65.170,"Johannesburg, ZA","Johannesburg, ZA",0,135,6,2026-01-17 06:28:19
TX-20260119113423-000004-0032,CUST-000004,323.25,2026-01-17 07:20:59,debit_card,Home,3,28,"Johannesburg, ZA",mobile,70.79.65.152,"Johannesburg, ZA","Johannesburg, ZA",0,135,7,2026-01-17 07:20:59
TX-20260119113423-000004-0033,CUST-000004,14572.28,2026-01-17 11:29:04,bank_transfer,Electronics,1,30,"Johannesburg, ZA",tablet,70.79.65.185,"Johannesburg, ZA","Johannesburg, ZA",1,135,11,2026-01-17 11:29:04
TX-20260119113423-000004-0034,CUST-000004,2645.22,2026-01-17 14:23:18,debit_card,Electronics,2,30,"Johannesburg, ZA",tablet,70.79.65.167,"Sydney, AU","Johannesburg, ZA",1,135,14,2026-01-17 14:23:18
TX-20260119113423-000004-0035,CUST-000004,2221.55,2026-01-17 21:47:24,cod,Home,2,29,"Johannesburg, ZA",tablet,70.79.65.195,"Johannesburg, ZA","Johannesburg, ZA",0,135,21,2026-01-17 21:47:24
TX-20260119113423-000004-0036,CUST-000004,2461.94,2026-01-17 22:22:49,cod,Electronics,2,31,"Johannesburg, ZA",tablet,70.79.65.74,"Johannesburg, ZA","Johannesburg, ZA",0,135,22,2026-01-17 22:22:49
TX-20260119113423-000004-0037,CUST-000004,5172.45,2026-01-18 03:56:12,bank_transfer,Electronics,2,30,"Johannesburg, ZA",tablet,70.79.65.232,"Hyderabad, IN","Johannesburg, ZA",1,136,3,2026-01-18 03:56:12
TX-20260119113423-000004-0038,CUST-000004,1568.97,2026-01-18 06:50:40,credit_card,Grocery,3,30,"Johannesburg, ZA",tablet,70.79.65.63,"Johannesburg, ZA","Johannesburg, ZA",0,136,6,2026-01-18 06:50:40
TX-20260119113423-000004-0039,CUST-000004,4568.73,2026-01-18 06:52:11,debit_card,Fashion,3,28,"Johannesburg, ZA",tablet,70.79.65.98,"Johannesburg, ZA","Johannesburg, ZA",0,136,6,2026-01-18 06:52:11
TX-20260119113423-000004-0040,CUST-000004,4937.97,2026-01-18 10:32:24,cod,Fashion,3,30,"Johannesburg, ZA",tablet,70.79.65.118,"Johannesburg, ZA","Johannesburg, ZA",0,136,10,2026-01-18 10:32:24
TX-20260119113423-000004-0041,CUST-000004,11566.92,2026-01-18 11:18:19,bank_transfer,Grocery,1,30,"Johannesburg, ZA",tablet,70.79.65.114,"Johannesburg, ZA","Johannesburg, ZA",0,136,11,2026-01-18 11:18:19
TX-20260119113423-000004-0042,CUST-000004,4763.7,2026-01-18 12:09:45,wallet,Digital,2,31,"Johannesburg, ZA",tablet,70.79.65.217,"Johannesburg, ZA","Johannesburg, ZA",0,136,12,2026-01-18 12:09:45
TX-20260119113423-000004-0043,CUST-000004,4918.65,2026-01-18 15:21:21,bank_transfer,Electronics,2,30,"Johannesburg, ZA",tablet,70.79.65.148,"Johannesburg, ZA","Johannesburg, ZA",0,136,15,2026-01-18 15:21:21
TX-20260119113423-000004-0044,CUST-000004,2528.45,2026-01-18 15:24:14,credit_card,Digital,6,30,"Johannesburg, ZA",tablet,70.79.65.222,"Johannesburg, ZA","Johannesburg, ZA",0,136,15,2026-01-18 15:24:14
TX-20260119113423-000004-0045,CUST-000004,4706.74,2026-01-18 17:50:48,credit_card,Luxury,4,32,"Johannesburg, ZA",desktop,70.79.65.59,"Johannesburg, ZA","Johannesburg, ZA",0,136,17,2026-01-18 17:50:48
TX-20260119113423-000004-0046,CUST-000004,1986.45,2026-01-18 18:40:18,debit_card,Luxury,2,29,"Johannesburg, ZA",tablet,70.79.65.197,"Johannesburg, ZA","Johannesburg, ZA",0,136,18,2026-01-18 18:40:18
TX-20260119113423-000004-0047,CUST-000004,485.59,2026-01-18 20:49:42,credit_card,Digital,3,29,"Johannesburg, ZA",tablet,70.79.65.113,"Johannesburg, ZA","Johannesburg, ZA",1,136,20,2026-01-18 20:49:42
TX-20260119113423-000004-0048,CUST-000004,2448.62,2026-01-18 22:00:32,debit_card,Electronics,1,28,"Johannesburg, ZA",desktop,70.79.65.45,"Johannesburg, ZA","Johannesburg, ZA",1,136,22,2026-01-18 22:00:32
TX-20260119113423-000004-0049,CUST-000004,2737.45,2026-01-18 22:18:30,wallet,Luxury,3,29,"Johannesburg, ZA",tablet,70.79.65.43,"Johannesburg, ZA","Johannesburg, ZA",1,136,22,2026-01-18 22:18:30
TX-20260119113423-000004-0050,CUST-000004,6434.35,2026-01-18 22:57:42,bank_transfer,Grocery,1,30,"Johannesburg, ZA",desktop,70.79.65.120,"Johannesburg, ZA","Johannesburg, ZA",0,136,22,2026-01-18 22:57:42
TX-20260119113423-000004-0051,CUST-000004,17863.84,2026-01-18 23:58:36,debit_card,Digital,2,29,"Johannesburg, ZA",desktop,70.79.65.24,"Singapore, SG","Johannesburg, ZA",1,136,23,2026-01-18 23:58:36
TX-20260119113423-000004-0052,CUST-000004,10057.53,2026-01-19 06:28:41,cod,Electronics,3,30,"Johannesburg, ZA",tablet,70.79.65.173,"Johannesburg, ZA","Johannesburg, ZA",1,137,6,2026-01-19 06:28:41
TX-20260119113423-000004-0053,CUST-000004,50.0,2026-01-19 07:58:10,wallet,Electronics,1,28,"Johannesburg, ZA",tablet,70.79.65.159,"Johannesburg, ZA","Johannesburg, ZA",0,137,7,2026-01-19 07:58:10
TX-20260119113423-000004-0054,CUST-000004,1251.35,2026-01-19 10:38:30,cod,Fashion,1,31,"Johannesburg, ZA",tablet,70.79.65.119,"Johannesburg, ZA","Johannesburg, ZA",0,137,10,2026-01-19 10:38:30
TX-20260119113423-000004-0055,CUST-000004,1726.76,2026-01-19 12:45:14,bank_transfer,Electronics,1,29,"Johannesburg, ZA",tablet,70.79.65.30,"Toronto, CA","Johannesburg, ZA",1,137,12,2026-01-19 12:45:14
TX-20260119113423-000004-0056,CUST-000004,2952.77,2026-01-19 16:18:43,debit_card,Home,1,29,"Johannesburg, ZA",tablet,70.79.65.191,"Johannesburg, ZA","Johannesburg, ZA",0,137,16,2026-01-19 16:18:43
TX-20260119113423-000004-0057,CUST-000004,2491.35,2026-01-19 17:12:37,cod,Digital,3,31,"Johannesburg, ZA",desktop,70.79.65.214,"Johannesburg, ZA","Johannesburg, ZA",0,137,17,2026-01-19 17:12:37
TX-20260119113423-000004-0058,CUST-000004,1889.17,2026-01-19 17:42:23,wallet,Electronics,1,29,"Johannesburg, ZA",tablet,70.79.65.114,"Johannesburg, ZA","Johannesburg, ZA",0,137,17,2026-01-19 17:42:23
TX-20260119113423-000004-0059,CUST-000004,5296.61,2026-01-19 17:53:08,credit_card,Digital,3,31,"Johannesburg, ZA",tablet,70.79.65.102,"New York, US","Johannesburg, ZA",1,137,17,2026-01-19 17:53:08
TX-20260119113423-000004-0060,CUST-000004,3877.97,2026-01-19 21:58:49,bank_transfer,Electronics,2,28,"Johannesburg, ZA",tablet,70.79.65.153,"Johannesburg, ZA","Johannesburg, ZA",0,137,21,2026-01-19 21:58:49
TX-20260119113423-000005-0000,CUST-000005,1238.47,2026-01-13 19:59:01,cod,Electronics,1,29,"Sao Paulo, BR",tablet,209.223.60.65,"Sao Paulo, BR","Sao Paulo, BR",0,259,19,2026-01-13 19:59:01
TX-20260119113423-000005-0001,CUST-000005,6804.34,2026-01-14 12:40:39,credit_card,Fashion,1,30,"Sao Paulo, BR",tablet,209.223.60.61,"Sao Paulo, BR","Sao Paulo, BR",1,260,12,2026-01-14 12:40:39
TX-20260119113423-000005-0002,CUST-000005,2055.78,2026-01-15 11:46:12,wallet,Electronics,2,28,"Sao Paulo, BR",tablet,209.223.60.30,"Sao Paulo, BR","Sao Paulo, BR",0,261,11,2026-01-15 11:46:12
TX-20260119113423-000005-0003,CUST-000005,241.02,2026-01-15 12:20:19,wallet,Luxury,3,30,"Sao Paulo, BR",tablet,209.223.60.57,"Sao Paulo, BR","Sao Paulo, BR",0,261,12,2026-01-15 12:20:19
TX-20260119113423-000005-0004,CUST-000005,10594.73,2026-01-15 14:54:00,cod,Grocery,1,29,"Sao Paulo, BR",tablet,209.223.60.217,"Sao Paulo, BR","Sao Paulo, BR",1,261,14,2026-01-15 14:54:00
TX-20260119113423-000005-0005,CUST-000005,1551.02,2026-01-15 22:56:39,bank_transfer,Digital,1,27,"Sao Paulo, BR",mobile,209.223.60.17,"Berlin, DE","Sao Paulo, BR",1,261,22,2026-01-15 22:56:39
TX-20260119113423-000005-0006,CUST-000005,829.16,2026-01-17 01:08:28,cod,Luxury,1,28,"Sao Paulo, BR",desktop,209.223.60.130,"Toronto, CA","Sao Paulo, BR",1,263,1,2026-01-17 01:08:28
TX-20260119113423-000005-0007,CUST-000005,2540.3,2026-01-19 17:25:27,credit_card,Digital,2,29,"Sao Paulo, BR",tablet,209.223.60.185,"Sao Paulo, BR","Sao Paulo, BR",0,265,17,2026-01-19 17:25:27
TX-20260119113423-000005-0008,CUST-000005,3014.3,2026-01-19 20:26:41,debit_card,Home,3,29,"Sao Paulo, BR",tablet,209.223.60.107,"Sao Paulo, BR","Sao Paulo, BR",0,265,20,2026-01-19 20:26:41
TX-20260119113423-000006-0000,CUST-000006,456.01,2026-01-13 14:59:04,cod,Electronics,2,36,"Hyderabad, IN",mobile,250.197.210.178,"Hyderabad, IN","Hyderabad, IN",1,0,14,2026-01-13 14:59:04
TX-20260119113423-000006-0001,CUST-000006,166.51,2026-01-13 17:28:13,wallet,Grocery,3,37,"Hyderabad, IN",mobile,250.197.210.37,"Hyderabad, IN","Hyderabad, IN",1,0,17,2026-01-13 17:28:13
TX-20260119113423-000006-0002,CUST-000006,91.22,2026-01-13 19:33:13,debit_card,Digital,2,37,"Hyderabad, IN",mobile,250.197.210.192,"Hyderabad, IN","Hyderabad, IN",1,0,19,2026-01-13 19:33:13
TX-20260119113423-000006-0003,CUST-000006,262.07,2026-01-14 00:51:50,bank_transfer,Grocery,1,37,"Hyderabad, IN",mobile,250.197.210.84,"Hyderabad, IN","Hyderabad, IN",1,1,0,2026-01-14 00:51:50
TX-20260119113423-000006-0004,CUST-000006,255.98,2026-01-14 02:34:15,credit_card,Electronics,3,38,"Hyderabad, IN",mobile,250.197.210.13,"Hyderabad, IN","Hyderabad, IN",1,1,2,2026-01-14 02:34:15
TX-20260119113423-000006-0005,CUST-000006,220.77,2026-01-14 03:09:17,bank_transfer,Home,1,35,"Hyderabad, IN",mobile,250.197.210.56,"Hyderabad, IN","Hyderabad, IN",1,1,3,2026-01-14 03:09:17
TX-20260119113423-000006-0006,CUST-000006,984.18,2026-01-14 04:07:34,bank_transfer,Electronics,4,37,"Hyderabad, IN",mobile,250.197.210.125,"Hyderabad, IN","Hyderabad, IN",1,1,4,2026-01-14 04:07:34
TX-20260119113423-000006-0007,CUST-000006,250.1,2026-01-14 06:10:32,debit_card,Home,1,37,"Hyderabad, IN",mobile,250.197.210.78,"Hyderabad, IN","Hyderabad, IN",0,1,6,2026-01-14 06:10:32
TX-20260119113423-000006-0008,CUST-000006,325.58,2026-01-14 07:31:14,wallet,Grocery,1,36,"Hyderabad, IN",mobile,250.197.210.192,"Hyderabad, IN","Hyderabad, IN",1,1,7,2026-01-14 07:31:14
TX-20260119113423-000006-0009,CUST-000006,500.0,2026-01-14 09:27:44,cod,Digital,4,37,"Hyderabad, IN",mobile,250.197.210.172,"Hyderabad, IN","Hyderabad, IN",1,1,9,2026-01-14 09:27:44
TX-20260119113423-000006-0010,CUST-000006,793.08,2026-01-14 11:36:07,credit_card,Home,5,38,"Hyderabad, IN",mobile,250.197.210.110,"Johannesburg, ZA","Hyderabad, IN",1,1,11,2026-01-14 11:36:07
TX-20260119113423-000006-0011,CUST-000006,147.71,2026-01-14 13:53:54,bank_transfer,Grocery,1,35,"Hyderabad, IN",mobile,250.197.210.84,"Hyderabad, IN","Hyderabad, IN",1,1,13,2026-01-14 13:53:54
TX-20260119113423-000006-0012,CUST-000006,99.59,2026-01-14 20:27:32,bank_transfer,Digital,1,36,"Hyderabad, IN",mobile,250.197.210.28,"Hyderabad, IN","Hyderabad, IN",1,1,20,2026-01-14 20:27:32
TX-20260119113423-000006-0013,CUST-000006,79.26,2026-01-14 21:04:05,cod,Electronics,3,36,"Hyderabad, IN",mobile,250.197.210.87,"Hyderabad, IN","Hyderabad, IN",1,1,21,2026-01-14 21:04:05
TX-20260119113423-000006-0014,CUST-000006,430.97,2026-01-15 13:57:51,credit_card,Luxury,2,36,"Hyderabad, IN",mobile,250.197.210.50,"Hyderabad, IN","Hyderabad, IN",0,2,13,2026-01-15 13:57:51
TX-20260119113423-000006-0015,CUST-000006,249.25,2026-01-15 17:18:56,debit_card,Fashion,2,36,"Hyderabad, IN",mobile,250.197.210.45,"Hyderabad, IN","Hyderabad, IN",0,2,17,2026-01-15 17:18:56
TX-20260119113423-000006-0016,CUST-000006,255.54,2026-01-15 17:52:23,credit_card,Fashion,1,36,"Hyderabad, IN",tablet,250.197.210.194,"Hyderabad, IN","Hyderabad, IN",0,2,17,2026-01-15 17:52:23
TX-20260119113423-000006-0017,CUST-000006,82.64,2026-01-16 02:14:30,cod,Digital,2,36,"Hyderabad, IN",mobile,250.197.210.222,"Hyderabad, IN","Hyderabad, IN",0,3,2,2026-01-16 02:14:30
TX-20260119113423-000006-0018,CUST-000006,220.29,2026-01-16 09:08:18,bank_transfer,Electronics,2,35,"Hyderabad, IN",mobile,250.197.210.204,"Hyderabad, IN","Hyderabad, IN",1,3,9,2026-01-16 09:08:18
TX-20260119113423-000006-0019,CUST-000006,1233.52,2026-01-16 11:46:40,cod,Electronics,1,37,"Hyderabad, IN",mobile,250.197.210.15,"Hyderabad, IN","Hyderabad, IN",1,3,11,2026-01-16 11:46:40
TX-20260119113423-000006-0020,CUST-000006,265.85,2026-01-16 19:00:25,credit_card,Luxury,1,39,"Hyderabad, IN",mobile,250.197.210.149,"Hyderabad, IN","Hyderabad, IN",0,3,19,2026-01-16 19:00:25
TX-20260119113423-000006-0021,CUST-000006,74.27,2026-01-16 19:01:43,credit_card,Home,2,36,"Hyderabad, IN",tablet,250.197.210.83,"Hyderabad, IN","Hyderabad, IN",0,3,19,2026-01-16 19:01:43
TX-20260119113423-000006-0022,CUST-000006,198.36,2026-01-17 00:00:57,credit_card,Home,3,38,"Hyderabad, IN",mobile,250.197.210.130,"London, GB","Hyderabad, IN",1,4,0,2026-01-17 00:00:57
TX-20260119113423-000006-0023,CUST-000006,1738.68,2026-01-17 05:58:40,bank_transfer,Home,3,37,"Hyderabad, IN",mobile,250.197.210.94,"Hyderabad, IN","Hyderabad, IN",1,4,5,2026-01-17 05:58:40
TX-20260119113423-000006-0024,CUST-000006,306.67,2026-01-17 06:25:26,bank_transfer,Grocery,2,38,"Hyderabad, IN",mobile,250.197.210.162,"Hyderabad, IN","Hyderabad, IN",0,4,6,2026-01-17 06:25:26
TX-20260119113423-000006-0025,CUST-000006,666.58,2026-01-17 06:59:33,credit_card,Luxury,1,37,"Hyderabad, IN",mobile,250.197.210.186,"Hyderabad, IN","Hyderabad, IN",1,4,6,2026-01-17 06:59:33
TX-20260119113423-000006-0026,CUST-000006,177.43,2026-01-17 11:03:34,cod,Fashion,3,37,"Hyderabad, IN",mobile,250.197.210.37,"Hyderabad, IN","Hyderabad, IN",0,4,11,2026-01-17 11:03:34
TX-20260119113423-000006-0027,CUST-000006,64.98,2026-01-17 12:32:27,bank_transfer,Fashion,2,37,"Hyderabad, IN",mobile,250.197.210.165,"Sydney, AU","Hyderabad, IN",1,4,12,2026-01-17 12:32:27
TX-20260119113423-000006-0028,CUST-000006,190.47,2026-01-17 13:01:22,cod,Electronics,2,37,"Hyderabad, IN",mobile,250.197.210.93,"Hyderabad, IN","Hyderabad, IN",1,4,13,2026-01-17 13:01:22
TX-20260119113423-000006-0029,CUST-000006,240.85,2026-01-17 23:39:23,debit_card,Grocery,1,38,"Hyderabad, IN",desktop,250.197.210.36,"Hyderabad, IN","Hyderabad, IN",1,4,23,2026-01-17 23:39:23
TX-20260119113423-000006-0030,CUST-000006,213.3,2026-01-18 03:11:20,credit_card,Luxury,2,36,"Hyderabad, IN",tablet,250.197.210.225,"Moscow, RU","Hyderabad, IN",1,5,3,2026-01-18 03:11:20
TX-20260119113423-000006-0031,CUST-000006,789.68,2026-01-18 04:18:13,bank_transfer,Fashion,1,38,"Hyderabad, IN",mobile,250.197.210.198,"Hyderabad, IN","Hyderabad, IN",1,5,4,2026-01-18 04:18:13
TX-20260119113423-000006-0032,CUST-000006,144.48,2026-01-18 04:59:15,bank_transfer,Electronics,2,38,"Hyderabad, IN",mobile,250.197.210.61,"Hyderabad, IN","Hyderabad, IN",0,5,4,2026-01-18 04:59:15
TX-20260119113423-000006-0033,CUST-000006,182.23,2026-01-18 05:47:34,bank_transfer,Fashion,2,37,"Hyderabad, IN",mobile,250.197.210.208,"Hyderabad, IN","Hyderabad, IN",0,5,5,2026-01-18 05:47:34
TX-20260119113423-000006-0034,CUST-000006,71.97,2026-01-18 18:08:24,debit_card,Grocery,2,37,"Hyderabad, IN",mobile,250.197.210.113,"Hyderabad, IN","Hyderabad, IN",0,5,18,2026-01-18 18:08:24
TX-20260119113423-000006-0035,CUST-000006,263.33,2026-01-18 20:26:51,bank_transfer,Luxury,2,36,"Hyderabad, IN",mobile,250.197.210.36,"Johannesburg, ZA","Hyderabad, IN",1,5,20,2026-01-18 20:26:51
TX-20260119113423-000006-0036,CUST-000006,903.51,2026-01-19 03:47:39,bank_transfer,Grocery,1,37,"Hyderabad, IN",mobile,250.197.210.217,"Hyderabad, IN","Hyderabad, IN",1,6,3,2026-01-19 03:47:39
TX-20260119113423-000006-0037,CUST-000006,1577.51,2026-01-19 18:01:25,credit_card,Fashion,3,37,"Hyderabad, IN",mobile,250.197.210.24,"Sao Paulo, BR","Hyderabad, IN",1,6,18,2026-01-19 18:01:25
TX-20260119113423-000006-0038,CUST-000006,256.98,2026-01-19 18:03:16,bank_transfer,Grocery,2,37,"Hyderabad, IN",desktop,250.197.210.129,"Hyderabad, IN","Hyderabad, IN",1,6,18,2026-01-19 18:03:16
TX-20260119113423-000006-0039,CUST-000006,249.14,2026-01-19 19:23:34,credit_card,Grocery,1,37,"Hyderabad, IN",mobile,250.197.210.26,"Hyderabad, IN","Hyderabad, IN",0,6,19,2026-01-19 19:23:34
TX-20260119113423-000006-0040,CUST-000006,64.17,2026-01-19 19:34:25,debit_card,Fashion,1,36,"Hyderabad, IN",mobile,250.197.210.195,"Berlin, DE","Hyderabad, IN",1,6,19,2026-01-19 19:34:25
TX-20260119113423-000006-0041,CUST-000006,256.47,2026-01-19 19:36:06,credit_card,Electronics,2,36,"Hyderabad, IN",mobile,250.197.210.39,"Hyderabad, IN","Hyderabad, IN",0,6,19,2026-01-19 19:36:06
TX-20260119113423-000006-0042,CUST-000006,50.0,2026-01-19 23:13:06,cod,Home,3,37,"Hyderabad, IN",mobile,250.197.210.78,"Hyderabad, IN","Hyderabad, IN",1,6,23,2026-01-19 23:13:06
TX-20260119113423-000007-0000,CUST-000007,5672.48,2026-01-13 00:27:19,credit_card,Grocery,2,20,"Sydney, AU",mobile,252.96.65.27,"Sydney, AU","Sydney, AU",0,109,0,2026-01-13 00:27:19
TX-20260119113423-000007-0001,CUST-000007,1460.1,2026-01-13 04:47:12,wallet,Fashion,1,19,"Sydney, AU",mobile,252.96.65.209,"Sydney, AU","Sydney, AU",0,109,4,2026-01-13 04:47:12
TX-20260119113423-000007-0002,CUST-000007,50.0,2026-01-13 05:55:21,bank_transfer,Digital,1,17,"Sydney, AU",mobile,252.96.65.35,"Sydney, AU","Sydney, AU",1,109,5,2026-01-13 05:55:21
TX-20260119113423-000007-0003,CUST-000007,1053.05,2026-01-13 12:40:48,bank_transfer,Electronics,1,17,"Sydney, AU",mobile,252.96.65.52,"Sydney, AU","Sydney, AU",0,109,12,2026-01-13 12:40:48
TX-20260119113423-000007-0004,CUST-000007,1527.16,2026-01-13 18:17:37,wallet,Luxury,2,18,"Sydney, AU",mobile,252.96.65.122,"Sydney, AU","Sydney, AU",1,109,18,2026-01-13 18:17:37
TX-20260119113423-000007-0005,CUST-000007,2204.41,2026-01-13 19:42:45,debit_card,Grocery,5,18,"Sydney, AU",mobile,252.96.65.222,"Sydney, AU","Sydney, AU",0,109,19,2026-01-13 19:42:45
TX-20260119113423-000007-0006,CUST-000007,1706.02,2026-01-14 00:56:11,wallet,Home,3,17,"Sydney, AU",tablet,252.96.65.245,"Sydney, AU","Sydney, AU",1,110,0,2026-01-14 00:56:11
TX-20260119113423-000007-0007,CUST-000007,560.02,2026-01-14 08:17:21,bank_transfer,Digital,4,17,"Sydney, AU",mobile,252.96.65.187,"London, GB","Sydney, AU",1,110,8,2026-01-14 08:17:21
TX-20260119113423-000007-0008,CUST-000007,1225.98,2026-01-14 17:49:10,debit_card,Luxury,2,19,"Sydney, AU",mobile,252.96.65.84,"Sydney, AU","Sydney, AU",0,110,17,2026-01-14 17:49:10
TX-20260119113423-000007-0009,CUST-000007,1696.04,2026-01-15 06:33:31,cod,Digital,2,18,"Sydney, AU",mobile,252.96.65.90,"Sydney, AU","Sydney, AU",0,111,6,2026-01-15 06:33:31
TX-20260119113423-000007-0010,CUST-000007,1762.09,2026-01-15 22:04:08,wallet,Luxury,3,17,"Sydney, AU",desktop,252.96.65.203,"Sydney, AU","Sydney, AU",0,111,22,2026-01-15 22:04:08
TX-20260119113423-000007-0011,CUST-000007,7291.76,2026-01-15 22:28:09,bank_transfer,Grocery,2,16,"Sydney, AU",mobile,252.96.65.41,"Sydney, AU","Sydney, AU",0,111,22,2026-01-15 22:28:09
TX-20260119113423-000007-0012,CUST-000007,7580.19,2026-01-16 12:50:19,cod,Digital,1,18,"Sydney, AU",mobile,252.96.65.61,"Sydney, AU","Sydney, AU",0,112,12,2026-01-16 12:50:19
TX-20260119113423-000007-0013,CUST-000007,838.34,2026-01-17 06:45:53,bank_transfer,Luxury,3,17,"Sydney, AU",mobile,252.96.65.116,"Sydney, AU","Sydney, AU",0,113,6,2026-01-17 06:45:53
TX-20260119113423-000007-0014,CUST-000007,942.25,2026-01-17 09:01:59,credit_card,Luxury,2,16,"Sydney, AU",mobile,252.96.65.81,"Sydney, AU","Sydney, AU",0,113,9,2026-01-17 09:01:59
TX-20260119113423-000007-0015,CUST-000007,1373.01,2026-01-17 16:41:13,credit_card,Electronics,2,17,"Sydney, AU",desktop,252.96.65.234,"Sydney, AU","Sydney, AU",0,113,16,2026-01-17 16:41:13
TX-20260119113423-000007-0016,CUST-000007,1356.95,2026-01-17 17:43:39,wallet,Digital,2,15,"Sydney, AU",mobile,252.96.65.52,"Sao Paulo, BR","Sydney, AU",1,113,17,2026-01-17 17:43:39
TX-20260119113423-000007-0017,CUST-000007,1006.65,2026-01-18 01:20:01,bank_transfer,Fashion,2,19,"Sydney, AU",desktop,252.96.65.171,"Singapore, SG","Sydney, AU",1,114,1,2026-01-18 01:20:01
TX-20260119113423-000007-0018,CUST-000007,4974.96,2026-01-18 02:16:57,cod,Grocery,1,18,"Sydney, AU",mobile,252.96.65.238,"Sydney, AU","Sydney, AU",1,114,2,2026-01-18 02:16:57
TX-20260119113423-000007-0019,CUST-000007,1858.9,2026-01-18 05:01:28,wallet,Luxury,3,17,"Sydney, AU",mobile,252.96.65.203,"Paris, FR","Sydney, AU",1,114,5,2026-01-18 05:01:28
TX-20260119113423-000007-0020,CUST-000007,837.96,2026-01-18 13:08:37,cod,Grocery,1,18,"Sydney, AU",mobile,252.96.65.17,"Lagos, NG","Sydney, AU",1,114,13,2026-01-18 13:08:37
TX-20260119113423-000007-0021,CUST-000007,1580.24,2026-01-18 16:56:11,bank_transfer,Luxury,2,17,"Sydney, AU",mobile,252.96.65.148,"Sydney, AU","Sydney, AU",1,114,16,2026-01-18 16:56:11
TX-20260119113423-000007-0022,CUST-000007,1418.26,2026-01-19 01:35:07,credit_card,Home,3,17,"Sydney, AU",mobile,252.96.65.33,"Sydney, AU","Sydney, AU",0,115,1,2026-01-19 01:35:07
TX-20260119113423-000007-0023,CUST-000007,613.87,2026-01-19 03:46:10,cod,Fashion,2,18,"Sydney, AU",mobile,252.96.65.234,"Sydney, AU","Sydney, AU",0,115,3,2026-01-19 03:46:10
TX-20260119113423-000007-0024,CUST-000007,2263.42,2026-01-19 03:51:19,cod,Fashion,2,17,"Sydney, AU",mobile,252.96.65.240,"Sydney, AU","Sydney, AU",0,115,3,2026-01-19 03:51:19
TX-20260119113423-000007-0025,CUST-000007,1713.44,2026-01-19 06:06:49,cod,Grocery,1,18,"Sydney, AU",desktop,252.96.65.245,"Sydney, AU","Sydney, AU",0,115,6,2026-01-19 06:06:49
TX-20260119113423-000007-0026,CUST-000007,6821.97,2026-01-19 08:28:32,wallet,Luxury,2,19,"Sydney, AU",mobile,252.96.65.44,"Sydney, AU","Sydney, AU",1,115,8,2026-01-19 08:28:32
TX-20260119113423-000007-0027,CUST-000007,1331.58,2026-01-19 09:13:32,debit_card,Digital,1,17,"Sydney, AU",mobile,252.96.65.11,"Johannesburg, ZA","Sydney, AU",0,115,9,2026-01-19 09:13:32
TX-20260119113423-000007-0028,CUST-000007,6543.32,2026-01-19 12:08:12,credit_card,Digital,5,19,"Sydney, AU",desktop,252.96.65.197,"Sydney, AU","Sydney, AU",1,115,12,2026-01-19 12:08:12
TX-20260119113423-000007-0029,CUST-000007,1502.04,2026-01-19 14:28:30,credit_card,Home,3,18,"Sydney, AU",tablet,252.96.65.245,"Sydney, AU","Sydney, AU",0,115,14,2026-01-19 14:28:30
TX-20260119113423-000007-0030,CUST-000007,1165.58,2026-01-19 17:24:29,bank_transfer,Grocery,1,19,"Sydney, AU",mobile,252.96.65.41,"Sydney, AU","Sydney, AU",0,115,17,2026-01-19 17:24:29
TX-20260119113423-000007-0031,CUST-000007,583.26,2026-01-19 22:13:03,debit_card,Grocery,1,15,"Sydney, AU",mobile,252.96.65.184,"Sydney, AU","Sydney, AU",1,115,22,2026-01-19 22:13:03
TX-20260119113423-000007-0032,CUST-000007,1740.53,2026-01-19 23:29:39,wallet,Home,2,18,"Sydney, AU",mobile,252.96.65.144,"Sydney, AU","Sydney, AU",1,115,23,2026-01-19 23:29:39
TX-20260119113423-000008-0000,CUST-000008,1910.07,2026-01-13 06:45:01,bank_transfer,Grocery,1,23,"Singapore, SG",mobile,73.127.153.111,"Singapore, SG","Singapore, SG",0,224,6,2026-01-13 06:45:01
TX-20260119113423-000008-0001,CUST-000008,217.39,2026-01-13 14:10:20,wallet,Home,6,24,"Singapore, SG",mobile,73.127.153.146,"Singapore, SG","Singapore, SG",0,224,14,2026-01-13 14:10:20
TX-20260119113423-000008-0002,CUST-000008,2600.13,2026-01-13 14:43:14,wallet,Electronics,1,23,"Singapore, SG",mobile,73.127.153.141,"Singapore, SG","Singapore, SG",1,224,14,2026-01-13 14:43:14
TX-20260119113423-000008-0003,CUST-000008,3154.8,2026-01-13 14:44:22,cod,Electronics,1,22,"Singapore, SG",mobile,73.127.153.96,"Singapore, SG","Singapore, SG",0,224,14,2026-01-13 14:44:22
TX-20260119113423-000008-0004,CUST-000008,1249.78,2026-01-14 02:13:42,wallet,Fashion,2,22,"Singapore, SG",mobile,73.127.153.129,"Singapore, SG","Singapore, SG",1,225,2,2026-01-14 02:13:42
TX-20260119113423-000008-0005,CUST-000008,16178.01,2026-01-14 04:11:53,wallet,Home,1,23,"Singapore, SG",mobile,73.127.153.229,"Singapore, SG","Singapore, SG",1,225,4,2026-01-14 04:11:53
TX-20260119113423-000008-0006,CUST-000008,1273.75,2026-01-14 11:41:12,cod,Grocery,2,24,"Singapore, SG",mobile,73.127.153.152,"Hyderabad, IN","Singapore, SG",0,225,11,2026-01-14 11:41:12
TX-20260119113423-000008-0007,CUST-000008,3015.66,2026-01-14 17:01:59,cod,Home,4,24,"Singapore, SG",desktop,73.127.153.5,"Singapore, SG","Singapore, SG",0,225,17,2026-01-14 17:01:59
TX-20260119113423-000008-0008,CUST-000008,3961.8,2026-01-14 22:24:41,bank_transfer,Luxury,2,24,"Singapore, SG",mobile,73.127.153.153,"New York, US","Singapore, SG",1,225,22,2026-01-14 22:24:41
TX-20260119113423-000008-0009,CUST-000008,4633.3,2026-01-14 22:30:56,cod,Luxury,3,23,"Singapore, SG",mobile,73.127.153.123,"Singapore, SG","Singapore, SG",1,225,22,2026-01-14 22:30:56
TX-20260119113423-000008-0010,CUST-000008,2106.91,2026-01-15 07:17:34,cod,Home,1,25,"Singapore, SG",mobile,73.127.153.9,"Singapore, SG","Singapore, SG",0,226,7,2026-01-15 07:17:34
TX-20260119113423-000008-0011,CUST-000008,5122.1,2026-01-15 14:39:54,debit_card,Electronics,1,24,"Singapore, SG",mobile,73.127.153.106,"Singapore, SG","Singapore, SG",0,226,14,2026-01-15 14:39:54
TX-20260119113423-000008-0012,CUST-000008,2242.41,2026-01-15 22:07:01,cod,Home,1,23,"Singapore, SG",tablet,73.127.153.181,"Singapore, SG","Singapore, SG",1,226,22,2026-01-15 22:07:01
TX-20260119113423-000008-0013,CUST-000008,4477.38,2026-01-16 00:12:40,wallet,Digital,1,25,"Singapore, SG",mobile,73.127.153.245,"Singapore, SG","Singapore, SG",1,227,0,2026-01-16 00:12:40
TX-20260119113423-000008-0014,CUST-000008,2859.85,2026-01-16 00:18:49,wallet,Luxury,1,24,"Singapore, SG",mobile,73.127.153.185,"Singapore, SG","Singapore, SG",0,227,0,2026-01-16 00:18:49
TX-20260119113423-000008-0015,CUST-000008,107.37,2026-01-16 05:54:23,wallet,Luxury,3,24,"Singapore, SG",mobile,73.127.153.58,"Moscow, RU","Singapore, SG",1,227,5,2026-01-16 05:54:23
TX-20260119113423-000008-0016,CUST-000008,465.8,2026-01-16 12:31:48,wallet,Digital,1,24,"Singapore, SG",mobile,73.127.153.82,"Singapore, SG","Singapore, SG",0,227,12,2026-01-16 12:31:48
TX-20260119113423-000008-0017,CUST-000008,1217.45,2026-01-16 17:52:07,wallet,Grocery,1,24,"Singapore, SG",mobile,73.127.153.98,"Singapore, SG","Singapore, SG",0,227,17,2026-01-16 17:52:07
TX-20260119113423-000008-0018,CUST-000008,2760.26,2026-01-16 19:05:04,wallet,Fashion,3,22,"Singapore, SG",mobile,73.127.153.183,"Singapore, SG","Singapore, SG",1,227,19,2026-01-16 19:05:04
TX-20260119113423-000008-0019,CUST-000008,976.64,2026-01-16 23:22:20,wallet,Digital,4,24,"Singapore, SG",mobile,73.127.153.138,"Singapore, SG","Singapore, SG",1,227,23,2026-01-16 23:22:20
TX-20260119113423-000008-0020,CUST-000008,1247.19,2026-01-17 06:47:16,wallet,Fashion,1,24,"Singapore, SG",mobile,73.127.153.62,"Singapore, SG","Singapore, SG",0,228,6,2026-01-17 06:47:16
TX-20260119113423-000008-0021,CUST-000008,2092.29,2026-01-17 15:53:29,cod,Fashion,4,22,"Singapore, SG",mobile,73.127.153.106,"Singapore, SG","Singapore, SG",0,228,15,2026-01-17 15:53:29
TX-20260119113423-000008-0022,CUST-000008,3970.38,2026-01-17 18:32:23,debit_card,Electronics,2,24,"Singapore, SG",mobile,73.127.153.240,"Singapore, SG","Singapore, SG",0,228,18,2026-01-17 18:32:23
TX-20260119113423-000008-0023,CUST-000008,2918.29,2026-01-18 01:47:25,debit_card,Grocery,3,22,"Singapore, SG",mobile,73.127.153.233,"Singapore, SG","Singapore, SG",0,229,1,2026-01-18 01:47:25
TX-20260119113423-000008-0024,CUST-000008,1601.09,2026-01-18 10:57:14,debit_card,Luxury,3,23,"Singapore, SG",mobile,73.127.153.240,"Karachi, PK","Singapore, SG",0,229,10,2026-01-18 10:57:14
TX-20260119113423-000008-0025,CUST-000008,1073.25,2026-01-18 13:10:40,bank_transfer,Home,5,23,"Singapore, SG",mobile,73.127.153.224,"Singapore, SG","Singapore, SG",0,229,13,2026-01-18 13:10:40
TX-20260119113423-000008-0026,CUST-000008,3173.79,2026-01-18 15:52:10,credit_card,Grocery,1,24,"Singapore, SG",mobile,73.127.153.252,"Singapore, SG","Singapore, SG",0,229,15,2026-01-18 15:52:10
TX-20260119113423-000008-0027,CUST-000008,2035.15,2026-01-18 15:58:10,cod,Luxury,4,23,"Singapore, SG",mobile,73.127.153.70,"Toronto, CA","Singapore, SG",1,229,15,2026-01-18 15:58:10
TX-20260119113423-000008-0028,CUST-000008,19228.29,2026-01-19 00:52:09,debit_card,Digital,1,24,"Singapore, SG",mobile,73.127.153.48,"Singapore, SG","Singapore, SG",1,230,0,2026-01-19 00:52:09
TX-20260119113423-000008-0029,CUST-000008,2094.21,2026-01-19 01:07:48,wallet,Luxury,1,24,"Singapore, SG",mobile,73.127.153.157,"Singapore, SG","Singapore, SG",0,230,1,2026-01-19 01:07:48
TX-20260119113423-000008-0030,CUST-000008,2384.26,2026-01-19 01:16:26,bank_transfer,Luxury,2,24,"Singapore, SG",mobile,73.127.153.25,"Singapore, SG","Singapore, SG",1,230,1,2026-01-19 01:16:26
TX-20260119113423-000008-0031,CUST-000008,8435.87,2026-01-19 03:13:15,wallet,Fashion,1,23,"Singapore, SG",mobile,73.127.153.115,"Singapore, SG","Singapore, SG",1,230,3,2026-01-19 03:13:15
TX-20260119113423-000008-0032,CUST-000008,1620.4,2026-01-19 05:55:27,wallet,Luxury,1,23,"Singapore, SG",mobile,73.127.153.93,"Singapore, SG","Singapore, SG",0,230,5,2026-01-19 05:55:27
TX-20260119113423-000009-0000,CUST-000009,835.63,2026-01-14 10:11:58,debit_card,Home,1,24,"Singapore, SG",tablet,158.57.57.180,"Singapore, SG","Singapore, SG",1,0,10,2026-01-14 10:11:58
TX-20260119113423-000009-0001,CUST-000009,161.18,2026-01-14 10:26:06,cod,Digital,4,25,"Singapore, SG",mobile,158.57.57.153,"Singapore, SG","Singapore, SG",1,0,10,2026-01-14 10:26:06
TX-20260119113423-000009-0002,CUST-000009,1915.47,2026-01-14 22:31:14,bank_transfer,Luxury,1,24,"Singapore, SG",mobile,158.57.57.147,"Karachi, PK","Singapore, SG",1,0,22,2026-01-14 22:31:14
TX-20260119113423-000009-0003,CUST-000009,149.29,2026-01-16 13:56:08,cod,Home,4,23,"Singapore, SG",desktop,158.57.57.150,"Singapore, SG","Singapore, SG",1,0,13,2026-01-16 13:56:08
TX-20260119113423-000009-0004,CUST-000009,50.0,2026-01-16 17:21:48,bank_transfer,Electronics,1,25,"Singapore, SG",desktop,158.57.57.117,"Singapore, SG","Singapore, SG",1,0,17,2026-01-16 17:21:48
TX-20260119113423-000009-0005,CUST-000009,210.88,2026-01-16 18:34:43,wallet,Digital,1,23,"Singapore, SG",desktop,158.57.57.1,"Singapore, SG","Singapore, SG",1,0,18,2026-01-16 18:34:43
TX-20260119113423-000009-0006,CUST-000009,196.91,2026-01-17 11:03:16,credit_card,Home,3,23,"Singapore, SG",desktop,158.57.57.16,"Singapore, SG","Singapore, SG",0,0,11,2026-01-17 11:03:16
TX-20260119113423-000009-0007,CUST-000009,1467.29,2026-01-17 22:05:09,bank_transfer,Electronics,2,24,"Singapore, SG",desktop,158.57.57.35,"Singapore, SG","Singapore, SG",1,0,22,2026-01-17 22:05:09
TX-20260119113423-000009-0008,CUST-000009,179.07,2026-01-18 15:33:21,bank_transfer,Grocery,5,25,"Singapore, SG",desktop,158.57.57.235,"Singapore, SG","Singapore, SG",0,0,15,2026-01-18 15:33:21
TX-20260119113423-000009-0009,CUST-000009,415.73,2026-01-19 02:22:09,cod,Fashion,4,24,"Singapore, SG",desktop,158.57.57.46,"Singapore, SG","Singapore, SG",0,0,2,2026-01-19 02:22:09
